<?xml version="1.0" encoding="UTF-8"?>
<project-private xmlns="http://www.netbeans.org/ns/project-private/1">
    <editor-bookmarks xmlns="http://www.netbeans.org/ns/editor-bookmarks/2" lastBookmarkId="0"/>
    <open-files xmlns="http://www.netbeans.org/ns/projectui-open-files/2">
        <group>
            <file>file:/C:/Users/Bethan%20Palmer/Desktop/Exercise%20Files/Ch05/05_03/end/JavaModularApplication1/src/moduleA/classes/module-info.java</file>
            <file>file:/C:/Users/Bethan%20Palmer/Desktop/Exercise%20Files/Ch05/05_03/end/JavaModularApplication1/src/moduleA/classes/package1/Class1.java</file>
            <file>file:/C:/Users/Bethan%20Palmer/Desktop/Exercise%20Files/Ch05/05_03/end/JavaModularApplication1/src/moduleB/classes/module-info.java</file>
            <file>file:/C:/Users/Bethan%20Palmer/Desktop/Exercise%20Files/Ch05/05_03/end/JavaModularApplication1/src/moduleA/classes/package2/Class2.java</file>
        </group>
    </open-files>
</project-private>
