<?xml version="1.0" encoding="UTF-8"?>
<project-private xmlns="http://www.netbeans.org/ns/project-private/1">
    <editor-bookmarks xmlns="http://www.netbeans.org/ns/editor-bookmarks/2" lastBookmarkId="0"/>
    <open-files xmlns="http://www.netbeans.org/ns/projectui-open-files/2">
        <group>
            <file>file:/C:/Users/Bethan%20Palmer/Desktop/Exercise%20Files/Ch02/02_05/begin/UsingWildcards/src/wildcards/Office.java</file>
            <file>file:/C:/Users/Bethan%20Palmer/Desktop/Exercise%20Files/Ch02/02_05/begin/UsingWildcards/src/wildcards/Building.java</file>
            <file>file:/C:/Users/Bethan%20Palmer/Desktop/Exercise%20Files/Ch02/02_05/begin/UsingWildcards/src/wildcards/Main.java</file>
            <file>file:/C:/Users/Bethan%20Palmer/Desktop/Exercise%20Files/Ch02/02_05/begin/UsingWildcards/src/wildcards/House.java</file>
        </group>
    </open-files>
</project-private>
